Episode,Reward,Loss
1,5.14741225124662,0.031318465933825174
2,0.48015425590703664,0.03295006447584233
3,2.684851114815017,0.029810549343929845
4,-0.6397661182748834,0.036205967780044715
5,-6.694482100889832,0.03193459771903869
6,-2.9788043322161695,0.03673201269154336
7,-2.8847563064685855,0.03250883553158818
8,-2.6793336493916344,0.029538045594771287
9,-6.613525044339084,0.026217188962551752
10,-6.578444260032743,0.026688053564665883
11,0.6129323068149124,0.02610587001499216
12,-0.8109831167332948,0.029734470594957964
13,-0.910671959589791,0.029351341246934188
14,4.723778079101714,0.0271767936888171
15,-0.9604672153167715,0.027813790207206535
16,1.6070859217463185,0.03382639935788739
17,-6.526353590988437,0.03035921802588073
18,-2.124156328388723,0.030649683193773113
19,-5.849093195253801,0.03018835547695796
20,5.384749896445422,0.028514094581127747
21,-2.671671496478816,0.029136091669564716
22,6.106526381580766,0.029842964462612927
23,12.360296560353799,0.03282531486453541
24,-3.517249791890636,0.02586864519854157
25,8.106671520270977,0.030980307806603668
26,1.600020222625576,0.02567647579498083
27,-1.7599321861348995,0.02860219594729297
28,5.2957694644469715,0.031618427249130276
29,7.750739000659502,0.03076556471565085
30,-4.591942156642393,0.03161863741737332
31,-0.4102538661165329,0.026859599454859356
32,-3.4920537394477122,0.02916734098615337
33,-1.2075883132075962,0.029472350712912414
34,2.7969370993621556,0.03096888717957531
35,1.6467928264871132,0.03246319092291757
36,-0.8033815290125874,0.026958859578766026
37,2.030152411599224,0.028118322979968528
38,-4.385991455656291,0.032862116251034364
39,-4.730670959106963,0.03291477584009898
40,-5.290265169639977,0.027591295285037024
41,2.3156448719288543,0.029605210413941457
42,1.705178356028065,0.026144286082228654
43,0.398481157320438,0.031857704307255263
44,6.872721896490177,0.026922135077587166
45,-1.6651470865044242,0.028981462744924514
46,5.194177382481445,0.026632344551001243
47,3.6295505816746934,0.03229359940289918
48,1.0187461927654982,0.032072512874219035
49,-5.498903297508262,0.02625029074962418
50,-0.6614574240223521,0.030633415900997607
51,-3.7668088390834233,0.026912708360196172
52,-4.424972858411425,0.03019951646394859
53,-4.664575828041364,0.027332106570697054
54,-4.2811828688345095,0.03460356895115598
55,-2.6129116618794073,0.021776969009961553
56,-7.499750311413802,0.035201634723269225
57,4.4714288089291685,0.032293459561016286
58,11.637549876759943,0.03277318932486377
59,4.1151835207679115,0.027668763802965922
60,-2.386802128574745,0.03052684406409626
61,0.6691641005307414,0.026843740645594232
62,6.366264337119665,0.030427013748304355
63,-4.278574819455509,0.02853926317112732
64,-2.78029452559704,0.027513771712897275
65,1.5222728770270175,0.0286834916053031
66,-4.735406367332901,0.029156802513622536
67,-0.47455877438653127,0.022485570318805038
68,0.3596073316502735,0.02947984829775308
69,-0.5619653458681215,0.02884048240030296
70,1.185087427135075,0.024999747690359713
71,-8.687830524037492,0.0383907986764305
72,5.73045582378962,0.031617271587256274
73,-2.122131059155388,0.030445276156201184
74,-3.4512963255640043,0.03380257589730183
75,-4.962329843221956,0.02825416176207739
76,12.154541104839549,0.029730029977336397
77,-7.1514822652813015,0.027955209447165192
78,-5.593834598750586,0.026720278387350284
79,-2.330102818433965,0.031395177649176216
80,-2.3480099633719362,0.027708064731951535
81,-6.992604416581223,0.027529810253629387
82,-1.3760674074164725,0.027488176801698322
83,-3.822173974932685,0.03546584412932327
84,-3.615168544145858,0.034307887282844216
85,-3.5467024941711225,0.026451746750239955
86,1.1785977360774897,0.02991781002740967
87,1.874225256066066,0.030605652917856458
88,0.3221799771727809,0.026491383298689903
89,7.343624771206285,0.031164114746049017
90,0.056795117957350594,0.026311466303627122
91,3.2224794323785395,0.0300048402958038
92,-4.16732352867916,0.03154737344648652
93,6.060172507478091,0.02982795699810564
94,-5.536542546145062,0.03028979461378713
95,6.827715471211518,0.030532929580562463
96,-5.098003728302683,0.030869944654533632
97,0.6851747906203578,0.02697734542019335
98,3.8508184601367605,0.03125270502152069
99,-4.4707210541563,0.03156931833097741
100,-2.570146048989569,0.03365931496667059
101,0.7047930349004261,0.030467626561944176
102,7.0425061547604795,0.02972198957990922
103,-0.32119065636420374,0.028356319220753615
104,-2.674638767849146,0.025139408259031437
105,1.7675929501451626,0.03351982172371107
106,-3.8889851200687766,0.032652514276872484
107,-1.031268505281225,0.02568709093747723
108,12.591523955467967,0.03093913185821425
109,4.72533179361513,0.029206105201030747
110,-2.6017528235343326,0.030774905562463303
111,-3.0823354494072337,0.022233220618273264
112,-3.0677249341531967,0.030241490188148458
113,7.706664392876748,0.030775840759023728
114,-1.3476303105958523,0.03349396184263796
115,-0.49315904122712917,0.028862991581293247
116,6.336531431855121,0.032445511796096574
117,-4.089629480777625,0.026036782839590378
118,-2.2775741211372282,0.03222710829274989
119,-3.396287133507059,0.027372176011469396
120,-9.748871989997362,0.027868511055536227
121,-4.299854197807198,0.027727598182964063
122,4.78922114942234,0.031002484026720182
123,-0.14634310167204512,0.03101978281012758
124,-0.49735735706055806,0.03212986232646167
125,-9.691348678925344,0.03484095814122363
126,4.88398286339704,0.033133619212381164
127,-2.622840344140916,0.027844548336514743
128,-1.8616582012959877,0.026716945127369662
129,1.7544464416897996,0.031646053309536695
130,5.685056436019426,0.029093524541404975
131,-5.656455110827909,0.029549644885449065
132,0.3552783333378509,0.026700830428079584
133,0.8446359009052717,0.02805736047142477
134,-3.5093901019881857,0.023919534417271456
135,-6.6593646884281,0.02865881487350657
136,-6.286912150729243,0.029471145458511983
137,-3.0561510703480694,0.026973214474085627
138,-2.2855529438794355,0.026531589396027882
139,-0.5197308148067816,0.028096470271993974
140,-1.6257282177561916,0.028581413814964204
141,-6.737662502650096,0.0292611159038064
142,1.2214936820748168,0.035393935597164555
143,-1.475994497740275,0.03263950242780036
144,-4.434804250095759,0.03163853352037054
145,11.561872379525363,0.028701044265086077
146,-3.857971823995344,0.03205554332345602
147,-6.77396072286737,0.0320881429563127
148,3.5298817135193703,0.02948747129100338
149,2.090641252361588,0.02680166208589207
150,4.42770561152077,0.028774250213136888
151,-1.624706195384233,0.03165769747961598
152,-6.825541709893368,0.0313504040935169
153,-5.454203352344993,0.02428538078229224
154,-1.5465707089047687,0.029545639446442104
155,3.028019364489457,0.030074823747327457
156,2.35180318090938,0.029129329980642712
157,-5.62836244132734,0.03092127721046869
158,0.666672736498165,0.03213422505219949
159,0.6987674964406634,0.02850783264142958
160,2.197679594257248,0.025562100146970912
161,3.0326126572727747,0.02453003403891442
162,3.1661197760936353,0.028828238198226674
163,0.3744775274494515,0.03257592576261125
164,-1.3594204530590828,0.029688188991774472
165,7.695423984154184,0.02598047711733226
166,-7.403555350353295,0.02678196517245237
167,4.287070386303742,0.027830444659681278
168,-1.9041168900325955,0.03280403862031907
169,-3.923014378670567,0.029349562073120155
170,-5.332423089288868,0.03651900273795863
171,-0.43178415929892444,0.035535056397965455
172,-5.411401603288239,0.03166761585752577
173,-1.8363499650698987,0.03116911203299167
174,3.92873860173528,0.02776328902040902
175,-9.967035638522832,0.027509044608232135
176,-6.447742395806981,0.029887013826393725
177,-3.0571365630500287,0.028781622418288504
178,-6.752781777565059,0.028087926442222667
179,-2.125548000313747,0.03343705242216562
180,-1.7858362720127836,0.03195426982839147
181,2.1932593228782307,0.029577947873626432
182,-5.110901461009902,0.029082557282649482
183,1.3292655548799852,0.029214811883839287
184,0.146478875726461,0.02946541895955464
185,-0.37877836808442145,0.03161331531636608
186,-4.256766451465368,0.032194353322892034
187,-4.084353986141249,0.027733476037345856
188,-2.2298537792095035,0.03248539110571438
189,-2.237902194015857,0.029031012460963786
190,2.8957542843342954,0.0311714110111203
191,3.5216093567669318,0.02928092001000361
192,-0.005273480096029362,0.028548599519166867
193,-3.259739265034735,0.03218394293090118
194,-2.538971230125279,0.03248445963641076
195,4.138499152821499,0.026951667045502163
196,-3.9716006168594253,0.03212214638311262
197,2.3808222329931317,0.029643178101691443
198,-4.539289753097028,0.032288051569113345
199,-3.1637025512580212,0.03109007450896334
200,-1.820024297373199,0.03326547417459837
201,13.409450767278818,0.028911668801691874
202,-0.7646761515199616,0.03083437775405728
203,7.773457863250039,0.03184987975864683
204,3.7324946597841833,0.03308153064763274
205,8.750995423072094,0.032545688418971416
206,-4.186355290417989,0.03209600808213835
207,-0.8066657904947658,0.02445004504153396
208,-8.387174459242623,0.02920630776690441
209,0.744004591765524,0.02817804664583512
210,8.141332066775094,0.027967034240011998
211,5.042377796701598,0.03060482626236419
212,-4.617770672785362,0.032407696105896215
213,6.831152587788036,0.030640268000771506
214,-2.0552251859869446,0.029946976763662897
215,-4.734839886211042,0.032349500360341704
216,12.077086465149732,0.030170286998751794
217,-4.656242455926323,0.030983404178177788
218,-2.720340636710695,0.02999429740987584
219,-8.314338828979809,0.0277571217006803
220,-1.8696931925361238,0.030126361869262357
221,6.746650109771488,0.03192696790803574
222,0.5183043143242655,0.03455758405268123
223,-6.953633400693167,0.030090288161033815
224,8.332436325596978,0.027582336262063547
225,5.82968532244396,0.0303209629981538
226,0.9689217022000933,0.026671038785104108
227,-1.140142597678504,0.032400709466386166
228,7.175628873068062,0.029525765038672144
229,13.648953935661755,0.02965584940929233
230,-5.48114122691579,0.029289099918130716
231,32.322826599365236,0.02746203791725791
232,-0.5713984098582702,0.030466032311802407
233,-2.9858830472613938,0.029386753854772577
234,-2.1887044642274445,0.021729854343795332
235,-10.565833124401752,0.029849949683409847
236,-6.849397316437514,0.025931689834338797
237,-0.4527244220523867,0.028617827504127922
238,-0.41539156785596276,0.03087568736924265
239,2.339301194189677,0.02687984839775426
240,-8.212260821138159,0.0336397737653014
241,-3.722215679410432,0.03215579033626017
242,3.548594490128796,0.03095218144900391
243,-7.968077346456925,0.024364541677776148
244,7.567680740903064,0.029645526624138132
245,1.2632279133754216,0.030355111746376583
246,-5.225941597345282,0.02689715814773475
247,-1.737436672151519,0.023361904428867597
248,6.902773123637046,0.025815316882785228
249,7.630306113551034,0.032612121479763105
250,-2.7878289747852563,0.03585097319566958
251,-2.1114361839869833,0.03102498199046016
252,17.30088177599253,0.03157769083671949
253,9.336152054430208,0.028708686944460347
254,-0.795752687387417,0.029700182694309803
255,0.9122576092153782,0.02557600621732309
256,11.318750412074488,0.02878263352945244
257,1.306023098758031,0.02937493126828718
258,1.4331953916120428,0.029305438257708618
259,2.9399874807441635,0.029947602887116193
260,-5.311353493779182,0.03134723792738465
261,7.821614604251405,0.02929724318623838
262,-0.8920144186943498,0.02921725643280788
263,-1.7834097597806449,0.027433516000067364
264,-4.7754083979862205,0.02860246299686464
265,-2.6044825152970503,0.030118041769617063
266,2.800831758775511,0.028911311317035657
267,0.6008384394114104,0.029332174802708062
268,-1.5943509644460945,0.024310040047491207
269,-4.712350032948822,0.03159995859398554
270,-0.5578666756170314,0.030631979829985143
271,-5.958328418102682,0.029385851279902897
272,-3.866680660170392,0.02878437967673084
273,-5.144769290191625,0.03160733997624445
274,1.5379174638832107,0.026293219598627588
275,4.253215357469738,0.029955933918335738
276,-5.882710952375741,0.030286285395864504
277,-1.0854430762995726,0.026219535746019807
278,-8.977707155463781,0.026746267087723603
279,-1.6872332706175863,0.03198809759328736
280,-0.608940794981145,0.020069704761619764
281,-1.0814787242788364,0.031064812679697584
282,-6.740944020200427,0.03313182812600054
283,-4.695361286208298,0.0327655705226455
284,0.758302647956612,0.03284258801594958
285,1.9707135977085888,0.03449102481407325
286,-0.11894779337527472,0.03236287960849937
287,-0.2113896871593859,0.03109059415848181
288,9.155327446478054,0.02874188356095974
289,-10.989840532070037,0.027567764152975606
290,-6.849806777889193,0.03081504102063663
291,10.30465609684821,0.026223561946750195
292,-9.69369767230879,0.028912594994271543
293,0.8897397713127408,0.03254992161780483
294,1.4823229896755528,0.031063058285218513
295,3.5461680050361974,0.030634242074134
296,-2.2060208756107373,0.03252132294110835
297,-2.4919570871128975,0.029466805900721402
298,-0.1810215181898629,0.03440898825994088
299,-5.720069795978257,0.030354357810159098
300,-4.433433443131776,0.02572262035436271
301,2.7420633588474392,0.030878596267520465
302,-6.251971622593001,0.030879840720898603
303,-5.482744840684973,0.03144618696736084
304,-7.659211752563323,0.027230943920145387
305,5.531569362940031,0.0291174908147003
306,8.656235813923011,0.02865157649649797
307,-0.20068501971734332,0.026589735190642352
308,-8.196399620124724,0.026488729807361236
309,-2.348095759640759,0.02411651988581979
310,-2.8455325237795606,0.034082922115709104
311,14.385528858277695,0.027929857795964394
312,-3.7340782151296152,0.02737453086872177
313,-5.488936888855869,0.02728613247626485
314,4.956550109383619,0.029073209484622276
315,-3.106320719296652,0.02520207117119105
316,-2.3952280799948107,0.025478362887938505
317,3.2082278894105594,0.03234243543622768
318,-3.93540593914681,0.027411824676173837
319,-0.40775553146269283,0.03195614104345895
320,-5.121710726306257,0.0315705229528599
321,0.5355890739878262,0.027056088203726302
322,-0.7543360140573576,0.03143471569192574
323,-3.4021271425371387,0.02935801305360176
324,1.4682351170706012,0.03215574872496172
325,-1.0718508709368941,0.02971694582318696
326,3.0086027928222565,0.029367119195555513
327,5.350154209202691,0.02878447638373219
328,-5.022839951684643,0.035802276418373385
329,-4.7046432570461505,0.03524620053035728
330,-2.594549996316265,0.027768035970436436
331,-1.788753080944144,0.03089148068834663
332,3.055064882298886,0.03240949691729202
333,-6.1122026479008875,0.034654892628618546
334,-2.487694675924603,0.028316308880014764
335,-7.135269915335736,0.029630248626541292
336,-6.682896105432194,0.03469268904335729
337,-1.292194256290404,0.030072134493988024
338,-9.39820289390689,0.02555969452680516
339,-2.182260674013717,0.0338506106774156
340,-2.580188989625384,0.0286284825716472
341,2.9442854153908673,0.02689999294383996
342,2.5785932138311596,0.031165509310775406
343,4.16572401311943,0.0295406998630609
344,-3.7081643523633376,0.030954251792801993
345,-10.315031597619337,0.034574095220851475
346,-0.6853962015329749,0.024277010721416387
347,-5.0476353138453085,0.028236300440139615
348,-9.905569974336688,0.029668680937568203
349,-5.602597512634641,0.027357353885811606
350,-6.966993035725821,0.03029811636667073
351,-6.609993189845667,0.03454233887788152
352,-5.025956861731948,0.02770608170630433
353,0.7727928868989979,0.029498817168087263
354,-3.1871295243294115,0.02869445521444411
355,-4.624415702135657,0.02902523823100173
356,-6.407939967736984,0.028697692012308616
357,3.500813210913971,0.02845110138283549
358,-2.857388146732311,0.03070352250831647
359,0.22947108760512647,0.03397977299353123
360,6.821792490086344,0.02984359464697117
361,-4.771359542227525,0.029465513874981634
362,0.12301153251904995,0.033884145318998284
363,-5.787035601242318,0.026757071862718165
364,-2.7897390898607304,0.0311527159615136
365,-3.9768264947688787,0.029041938578188542
366,-0.6839066592990195,0.03302779002149217
367,0.8485225310648199,0.028913391498442426
368,-7.425412614994885,0.030061401806451286
369,-6.04587258815018,0.028690314628213677
370,-8.655371047991963,0.02813253750567298
371,-14.68706253009756,0.03279150341177395
372,-5.478443303854686,0.035087628855522635
373,-3.533414452291886,0.02871139810506125
374,-2.58715160997381,0.02787808704876326
375,-0.13942935088013608,0.03065903829673694
376,0.14774156797019988,0.02966615809095094
377,-3.229701502001134,0.025812119545233412
378,3.009317232937482,0.024710609145507552
379,7.557135676633589,0.03286743788508181
380,-11.379967833443876,0.03180211127492688
381,0.9009099210050917,0.03130585466578093
382,-4.3293197431004256,0.03236847527894081
383,2.9829071078810916,0.02917891958875132
384,-4.033205017384923,0.029937079348481065
385,-5.040460293872046,0.03339689514317989
386,5.409871380752342,0.030734231987317662
387,-4.4005341978146,0.03190666216922366
388,-1.8819694968444183,0.02707450475344373
389,-4.989348387128814,0.029702981661764723
390,-13.524163198789225,0.0329797510211672
391,-11.552839249533843,0.029912522099613106
392,-2.1931726555807103,0.028252605968354702
393,-8.729108608147007,0.030083023719311295
394,0.33050190573506155,0.0322548982551577
395,-11.571146293502288,0.03133561766039294
396,-1.6983406086157924,0.02744599806658546
397,-3.967494401563738,0.03438013408290643
398,1.02827427029084,0.030157655165104515
399,-12.29237569455949,0.0371617645404874
400,-0.8270441014247252,0.028850227742859384
401,-1.561495741116596,0.03017550949829716
402,-5.918501932884675,0.03196651926698883
403,-3.91715497218746,0.028379355356278245
404,-2.24529500208601,0.035828266632577994
405,0.31771619013556873,0.03141362287191229
406,-1.8406687683638865,0.03222066920764835
407,-2.767442468170889,0.02988800313296161
408,10.344295571193744,0.02865797027825511
409,0.3147530799775049,0.028914709856583214
410,-9.429676428081152,0.031050160956802245
411,1.2917731932401573,0.03134595000966957
412,0.7635258805685329,0.034579804781545265
413,3.301794560813521,0.029855411634692058
414,-0.6009575726508494,0.0325808134821336
415,-1.0221122519747856,0.029765197377627554
416,1.4661317784809214,0.02956194773438198
417,-1.8062317933991403,0.03034899125928895
418,-0.03424649433597342,0.030403636570339523
419,-7.0528544440072745,0.03205724179782432
420,-4.0183201664301915,0.031360286389159595
421,6.521453513835263,0.026833277231315983
422,-0.31491058129760363,0.026852771241952015
423,-4.826952410810437,0.02982933834719405
424,6.73793705441955,0.03011472097717705
425,5.032296002443131,0.028593310246768987
426,7.052959172257946,0.030120862332354326
427,-4.715461724627744,0.029487244442052196
428,-3.6102427107993353,0.032363190735476895
429,-2.155524340243904,0.026968027478898145
430,-10.013203746626772,0.030756141291036588
431,-5.530804219674708,0.029991203640861892
432,0.9544604574597437,0.0256447991407118
433,-3.3281627823136795,0.030127246133491947
434,-1.3493675010712596,0.023667341557272667
435,-8.248640187796385,0.03244365794348595
436,-3.992345545291024,0.027751048852072236
437,-0.9564956781131917,0.033548413874102505
438,6.9808593109197785,0.026819959109058118
439,1.782170098366862,0.02917860934906706
440,-2.553208364581499,0.034431489897322566
441,-1.043868654726019,0.03159415972498545
442,2.4462942450505403,0.028016534913903567
443,-2.579544827107374,0.030403679024797785
444,10.35624040650745,0.030899144084350336
445,-6.4398629529818505,0.032188282360117844
446,-2.7193636030831816,0.0263515618439476
447,-5.55966468653319,0.0295197142278081
448,-5.006962828275506,0.02901020523895951
449,1.377736849983136,0.029259862017266772
450,9.962565498762064,0.028077734017805358
451,2.7206862692922553,0.02852613037916042
452,-0.18961866485196088,0.02927114369964265
453,-13.919065635809691,0.030953535538791384
454,7.4768764454109595,0.030162506847733663
455,13.735441260528201,0.027578214519600054
456,3.5522967828101737,0.02739726075756504
457,-0.8335246567676604,0.027926498747010153
458,-5.804851227686964,0.03469010293229408
459,-6.748750581431851,0.02968898913008481
460,-4.731491876942981,0.02934780993252138
461,-8.25296053137027,0.031063138184315765
462,6.969141026941946,0.02911638350145465
463,-0.7411577311404312,0.03098665235286317
464,4.422489273194484,0.025610744430287682
465,-0.0811346451896634,0.030183795487012697
466,-4.426897699103436,0.029873450492017024
467,-7.192065498861529,0.02996375816517505
468,-6.3682107238116945,0.034876351964597894
469,-3.545238290465834,0.033522042916037144
470,-1.685486224485179,0.026913170523071076
471,-5.238753312639625,0.033905854977304674
472,-6.285629847897859,0.02967070787937022
473,-3.6385043480715575,0.026105176339189656
474,-4.866157480787459,0.026639512588161208
475,-8.209380752624481,0.026867805567837993
476,0.055490103091357046,0.029324387017183078
477,-1.127659481726263,0.025821090095293937
478,6.8368416950401505,0.02729892962617817
479,-3.672127286954401,0.03130624714762637
480,-0.744268182445301,0.028729131558436385
481,-3.959483609782167,0.031086718936083658
482,-5.0458745496331625,0.027150368343809884
483,-3.3070030470570337,0.029091565530316367
484,9.919196150100621,0.03224029215117234
485,1.117752821555576,0.027462868401370837
486,-4.780630104489135,0.02658416502262598
487,-2.896377527758334,0.04088871183991903
488,-5.492679656429121,0.028051273402338883
489,-6.923699310529993,0.029596362604214596
490,1.7676421679008725,0.032082227344832105
491,-1.1881667833675502,0.029688131143688946
492,-1.5706846816178852,0.03039550568713654
493,-1.9370893587781997,0.02936933594718589
494,5.412490809267581,0.03170463726058945
495,0.5860172963952246,0.03144840142050081
496,1.0533817331163537,0.028337981152399466
497,-11.152592746147835,0.028713086376276325
498,-7.884446891500332,0.03483840545752793
499,-1.1751861926686584,0.0291950527963782
500,-3.0573672929457336,0.029454304766529278
501,5.962666208693948,0.029849327016473737
502,-0.45672756051118746,0.026168218303465926
503,4.233497874649569,0.02613219007187831
504,-1.4337938410687565,0.0256850198548961
505,0.4265334530086651,0.032956166036011286
506,-1.4721376106052322,0.02826531080159774
507,2.0412830301221847,0.029958027021990706
508,4.456119379252324,0.027844402882709497
509,12.89329629333886,0.03095784394583844
510,3.0408652338182236,0.03274967462414813
511,1.6987890149930371,0.030714634285999565
512,-0.5893921974504472,0.025635520876320657
513,-2.2494891279589377,0.03389926901914091
514,-4.158915739125278,0.024901882489183
515,5.348223977911443,0.03233644610016241
516,-7.1791533148894535,0.02978228338583604
517,-2.408900145282978,0.029978931605312842
518,-1.8563460986654636,0.03003972663035746
519,0.9117542615698979,0.03099416774193015
520,-0.40138163604904387,0.036173708505205474
521,5.717299299169453,0.03370351162083413
522,0.13799546414455777,0.025908430853660857
523,-5.000400436058709,0.028036772521022393
524,3.4830098260957314,0.027538316134032244
525,-5.847495227647027,0.02492586996715638
526,0.1141402400516971,0.028868377150739883
527,-4.522018830743792,0.029323599584520178
528,-3.097385954764162,0.03293111046765629
529,-0.37888296119580656,0.02901084720387936
530,2.430730373421461,0.029250034686949616
531,2.6361039417599366,0.026575673749180267
532,-0.01539134032584033,0.025103997050594167
533,-4.867753567104783,0.031236823872942854
534,0.4866537363741287,0.028065829559490222
535,-2.404541539337604,0.03545497837825315
536,9.727958202687551,0.02849123791248058
537,-4.791626116701081,0.025848683400080674
538,2.242525166786615,0.028041157078161013
539,-1.4698705428910719,0.03295647626852144
540,-4.890748229338303,0.02964329905712589
541,0.25914020992555653,0.030666796397689777
542,-1.2919450717866183,0.03291356895040271
543,1.5077325327376687,0.030888967500161763
544,-4.4187654152150415,0.029481193375730654
545,6.779000325200997,0.03325324683998556
546,5.890167750655529,0.033817357655970146
547,-0.32310854271638756,0.026248588998093014
548,4.895135807303044,0.02953796288254666
549,14.17978630116583,0.02951854622465313
550,-4.534989944128382,0.031004569788462152
551,-6.538164431777149,0.032193894996849506
552,-10.653607717896715,0.032727441299296965
553,0.13015826824192267,0.03511176071350849
554,3.5050446161066726,0.03197458692899277
555,-6.320070735927655,0.02889193159461951
556,-3.5389194555009986,0.03576914150280286
557,-3.6787837595128807,0.03282097839355246
558,-3.4988991323901573,0.027093548241590215
559,-4.939409729072043,0.02519903944787417
560,0.4030376230571806,0.03281372924244026
561,-3.771444039907048,0.030532260717595183
562,-2.8839065794635546,0.033616495176014165
563,-8.206200624957518,0.029743781165896568
564,-3.0528042166484806,0.032497779136334594
565,0.5417479524959251,0.026033483570031064
566,-7.963596134436468,0.026166747273443085
567,-0.4583407511120373,0.029791937443508713
568,0.053393908729204576,0.03085577401201309
569,-5.679877504919788,0.029236770968217165
570,0.5419245430771413,0.02610240392145251
571,-0.3855482334583804,0.03183988163352486
572,7.733322312238566,0.03002769705476955
573,-0.4014654061233607,0.028931965689735033
574,1.1638216090692397,0.03132536676932672
575,1.1577529067456742,0.030072048982405418
576,-2.3986427126945347,0.02846902317515452
577,3.291435261732419,0.02850375672377126
578,-0.07746537116529584,0.03185520875237219
579,-3.304090570748164,0.029534655873086832
580,0.2615230097233175,0.03283475015634768
581,0.8315073544203231,0.02802474520132596
582,2.319181578286248,0.029082793859948133
583,-1.9024113409319954,0.027802720144672197
584,-4.280682071881892,0.0321727621754209
585,-4.912026902939136,0.03215945884374129
586,-0.9092235800637938,0.02866631900121437
587,-5.743089642703357,0.0262415900598695
588,2.8803056477009985,0.028372660141621753
589,-2.9375371245874726,0.02874261979710887
590,6.243971840946085,0.02637650528813013
591,-5.137358332737248,0.027883701423626173
592,5.207899865144062,0.029286242308215717
593,-0.2932307008952293,0.029765257638963524
594,-2.3438266158932537,0.031021625526674652
595,2.3230218604762625,0.030264132977492
596,3.1099374187189337,0.030135055167527663
597,-12.095347151112815,0.02410543188372649
598,2.177047690999089,0.03573531083503565
599,-0.05954906103074453,0.03338037574121708
600,1.6214265417078881,0.03222672138235991
601,-4.313839511032029,0.030570373682876312
602,-1.8607183505926104,0.028531900924234778
603,1.4579358763364345,0.0268990557094096
604,-0.6017738648488631,0.028526379344256704
605,-3.5338555028245127,0.033653688026866024
606,-2.103808238023232,0.026397836449868557
607,4.452721292370228,0.03029517424467372
608,-0.9457957085712874,0.02844769836043113
609,32.71157833928396,0.02772008445307481
610,-4.17995791430155,0.029559845904702876
611,-0.4286039636953103,0.026752161313924706
612,-7.370168094157346,0.03218952365683768
613,-1.0965169240081658,0.030532336513493363
614,-4.368002615271864,0.034504238181342725
615,-5.068745482578834,0.030803756880606364
616,1.1773708290062803,0.03486835930544507
617,3.4784861072680693,0.028746265158034103
618,-7.933644537149141,0.03280717916113007
619,-0.5059182109291293,0.029863385887990663
620,1.2692433940427725,0.03144356832950881
621,2.1182308292444185,0.02949155108680018
622,0.9726632319852406,0.029074156618710274
623,6.733111278437781,0.0319530225004145
624,-5.341117800044296,0.029409111871145976
625,1.1795304306346748,0.02732589282320144
626,-0.10425372108604813,0.0276274476846017
627,-8.00251018317094,0.03389211698699109
628,0.32834336760251603,0.026358905889719723
629,-0.07903685654100179,0.02640940582171371
630,2.141929612647724,0.026066114975233434
631,-5.0867921037567285,0.03496811829111119
632,-2.567972428677516,0.03291804740488018
633,-4.676673297183319,0.0283311882676545
634,-3.2590372531867664,0.029301098285559813
635,-6.550209693599534,0.027424546171028623
636,-2.21897164415026,0.028766768640002063
637,-6.6551029891230735,0.026019543116102432
638,6.26409221572269,0.030141124236927438
639,-7.727072890207495,0.02958318372936854
640,2.709614258137938,0.030960273346527612
641,-2.185725839137482,0.025343108673426974
642,1.7128386253535206,0.03223316027533839
643,6.548655333865064,0.027646703109767023
644,-7.1166068688623945,0.03386015511270565
645,6.2217351945019175,0.02871673012778798
646,8.730248627694825,0.029622751800373836
647,-0.9020741663129617,0.03053984107892689
648,-4.639743845101835,0.031024201186554558
649,-3.295210825417203,0.02520645115743017
650,4.433529476734139,0.028157965352246635
651,-4.74929565353288,0.026676820049243544
652,-0.37847464866673275,0.030424877685245873
653,10.706913327212316,0.0315264794264341
654,-0.9657358856747864,0.03024728993674494
655,-2.6253163801004042,0.02730450967751266
656,-3.2266775704280684,0.030651179788855818
657,-0.31797008119644576,0.029840329886539195
658,-3.4962092101177644,0.03439920638096754
659,-4.65303713127208,0.03114340993426334
660,4.9401742216383315,0.027978892129499267
661,-1.7122137179483428,0.031070719894513963
662,4.9571725412116825,0.02813899200000901
663,-8.005366705641254,0.03181648178089446
664,3.447265625101617,0.03153774779639789
665,-4.652765528571932,0.03412813946454983
666,-4.254402630959883,0.03587937896830711
667,-3.124536724882555,0.03159777519350649
668,-3.642171862834027,0.030718824406360985
669,11.519313319402361,0.029032355859702732
670,10.882665189793059,0.029231001832632234
671,3.789729255896634,0.031097308824108
672,-8.082303097399413,0.032661956894246676
673,-0.62528948600525,0.027970094436829532
674,2.2782000785354195,0.028812615242839068
675,3.912530783363943,0.026232167221524102
676,-3.287811778929087,0.027756403566910597
677,7.820233405667365,0.0333112560824211
678,-4.619951843756876,0.033062717155959806
679,-0.5859386991480695,0.03032619512526827
680,-5.376684705300901,0.027656147127017975
681,-2.873470505033639,0.031033354685312393
682,-3.6339177226581647,0.03806682953373339
683,-4.982303942406546,0.03019378121878776
684,-6.6322838736546865,0.02664075945093786
685,-1.2905865460081807,0.031616722940329155
686,-6.5403189568675275,0.027310196280686264
687,1.6544310993098397,0.03241098955374089
688,-0.36275210126371393,0.028771287806808588
689,-1.9746320341807277,0.024345911195521684
690,-1.5131926963983227,0.025063589099105832
691,-5.469565462684684,0.02635268072589429
692,1.2115189838094256,0.03571216281414466
693,-5.688632992628909,0.029502403636857133
694,-0.9974564699990163,0.030197643251225006
695,-2.222099508664006,0.026118490761702935
696,-2.0080598235060845,0.023346222202306133
697,-3.061362204512198,0.03381098362178301
698,-1.7763498899161856,0.03045453035472327
699,-2.4993453623929547,0.029883348328561033
700,3.1241926122511936,0.02708690140086268
701,-1.4060028045644546,0.025245824114720875
702,-2.520914491009321,0.028759950130149137
703,7.036731872595761,0.02996896064814901
704,3.249173028339514,0.028773271386508932
705,-1.9143147006736214,0.035086846152962
706,-3.4113534936768195,0.04151361963631697
707,-1.7378774884898753,0.027578219193627886
708,-9.364855372849052,0.03091851679877509
709,8.775130357688006,0.028975961935644667
710,0.3278747774355033,0.03125563265997071
711,-4.768688873149086,0.03455844960221366
712,0.9911814795890022,0.031903025964056635
713,-3.165150433409033,0.030121711983329656
714,-1.7199506230259418,0.03345929200448549
715,-1.3786658412631327,0.037911498984833245
716,-1.5708126275683059,0.026397321544340824
717,2.471272498798064,0.03438760596396866
718,7.1939348884661065,0.029900903146286777
719,0.11416719960552624,0.03071890971432566
720,-3.258494719846783,0.029471963789470788
721,-6.607804452056877,0.0311106024091519
722,5.412480197006468,0.02648854310135566
723,-0.42662764800171327,0.030835722654683293
724,8.334706926659036,0.030597821050361736
725,-0.7140648294148314,0.027337003346180447
726,5.228100729857488,0.03325947121890145
727,16.260099291327446,0.0305300279601488
728,-3.018026749704882,0.02852974959296665
729,1.9951430358720024,0.030413854970569525
730,-10.83628524138985,0.028805738241682116
731,-4.538061447464592,0.03083699374381175
732,-0.2810131604785897,0.028176404399257372
733,-3.707011722456871,0.03110483513749919
734,-7.747253352032048,0.028049076515363227
735,4.704137268401114,0.03442768558071527
736,-4.26954498743796,0.033537760457799604
737,-8.73456891264455,0.03198445111144107
738,-7.565114462549723,0.033854064309842086
739,-6.7578425484616655,0.026838882209953136
740,-3.914402037380177,0.023865773160953348
741,1.4756468876876419,0.03250057746787677
742,-2.7761596546085547,0.029220973618943876
743,-0.7371556633875707,0.03468652829153673
744,-3.1310744503315195,0.030247779811095474
745,-5.7853480090938145,0.025859594890966252
746,-6.624196587213117,0.03094584873656916
747,-4.737607162417964,0.034109954097477385
748,3.1562586932975414,0.030335081612110428
749,-3.886339597984816,0.02906466948400612
750,-2.6360200493217576,0.03035330966674257
751,-2.1146467042716797,0.0329575116674501
752,-1.1966678342783332,0.028961212138103237
753,-6.694558526060945,0.027497034520770142
754,-0.19499558206923773,0.03273026361342311
755,-4.43125429408819,0.03483677330563054
756,1.4537257178520893,0.03563999417931366
757,-1.6746160061899058,0.029818221491734544
758,-7.093682920419015,0.029642100168946358
759,-5.300347163677651,0.028212607046955607
760,1.3106592986200971,0.027412629349290896
761,-2.1905531804243856,0.02954817686775448
762,2.791804718974562,0.031077774051426022
763,-6.33833907904648,0.032464513281888534
764,8.803217330371863,0.028969059192421705
765,-2.706827688739783,0.034908341798823114
766,-1.8659322805396634,0.02721357806113002
767,-7.7275396490578965,0.027361805819317447
768,0.15029435784783063,0.030631783408676953
769,-1.2675116890495546,0.02809153868036564
770,2.9935168314980634,0.02966265222884816
771,-1.8273955682725442,0.030482202335914775
772,-1.8910104853228515,0.03046426860956109
773,1.5798372070603723,0.026474659217377513
774,-4.4669333112344765,0.02517793566613241
775,-2.602934816957699,0.02736321440161875
776,0.9910200548166352,0.030335064730164795
777,-8.519618930476751,0.033471581221827085
778,0.04035387665234841,0.029444860680951212
779,-8.47674161877405,0.019942613657357746
780,-6.331960124900602,0.029965684888243544
781,-0.9468645416837486,0.02966237991441661
782,4.270003810685929,0.029118582383480616
783,-8.111147801802971,0.029965144213293028
784,3.1225568937198465,0.028238926606835676
785,-1.7798679209644395,0.029210733400260595
786,-5.730905253702582,0.02875638506654017
787,-3.1638819518015038,0.027678186713020202
788,-0.14269134051631194,0.03086780721409175
789,0.025863772326274015,0.0318178096107888
790,-4.32352902604975,0.025209323347998983
791,-6.296545483490585,0.02995274067089121
792,-2.080899890221527,0.030444907487068455
793,-1.2905575037428922,0.030819657552262597
794,-6.04694862914538,0.029909979112017607
795,1.1231024942304877,0.02927635093881266
796,-1.8863178884942273,0.032931271228196037
797,-3.6514042629144843,0.03472487512573285
798,-3.6993917181991396,0.0315646129604124
799,-0.7890182590697598,0.029904487982545747
800,0.47949550505168803,0.02832141270670391
801,-4.278039169892944,0.02546282871583078
802,-9.17316898562675,0.029765607912032907
803,-0.33884529727736235,0.024574226088249145
804,2.021303332990407,0.029938131786207963
805,-4.170953280386734,0.02708294964035439
806,-3.8611484520962884,0.03116989333615251
807,6.2549229939943505,0.03475861117426352
808,8.916929926914737,0.027076395552326007
809,3.634133965846709,0.02877520268815069
810,-1.1068232962956492,0.0320353542098078
811,2.079758374921532,0.03142758353908275
812,7.6446671515927935,0.027516073754207376
813,9.011254712639596,0.03163632062294789
814,0.9760884811309127,0.0319091201567326
815,-0.41935585712534823,0.03291012563862857
816,0.14245633872866414,0.027168364970356077
817,-6.2467365455472965,0.03493927774112504
818,1.5674841211879218,0.03264881445451401
819,-0.5811971197061765,0.02686989358820209
820,11.128278922141973,0.025159174075599505
821,-7.829894067426112,0.026188806595104076
822,-6.36914386627857,0.031564990440700276
823,-6.1897140374402415,0.03164393331572618
824,6.188651288707115,0.02708914927778039
825,0.05106180013056616,0.028437403320483074
826,-4.948639126623469,0.031879105341552624
827,-8.914630043252355,0.03214021828822554
828,-1.2829562100847547,0.031096611820355724
829,17.62167837159121,0.02991964357959583
830,-3.531036292646691,0.02521269452075775
831,-1.5672540170058356,0.03100460772220353
832,-1.1059683117315666,0.03179394901922661
833,4.520089315056815,0.026690533562266746
834,-2.6293194990559927,0.03767692051357562
835,-3.589634137713582,0.029893426222088012
836,-2.6128466349327413,0.02760576696313956
837,-3.538575439055837,0.03072785894155156
838,2.539948532284674,0.03079499892703159
839,13.855972568799729,0.03159064816246019
840,-9.726474365654575,0.03214287915059513
841,-1.4924690965813583,0.02979875812324167
842,-0.3442659061518305,0.02786247798968049
843,-8.405883418928878,0.026327455415360804
844,-6.908482391134555,0.03211505441449655
845,-7.173544794810762,0.032168463406380805
846,3.136903966584497,0.03093275950995918
847,-3.2923012113240278,0.02925709440873471
848,-2.418449051270502,0.023720900822901292
849,7.349820201612358,0.03482284779399126
850,-2.245762937477296,0.03013489878031789
851,-7.593794895007614,0.03233395491948378
852,-3.8126574154437196,0.03258250767741861
853,-8.691126073825435,0.03049157940256854
854,0.6279807820311849,0.03506308450248945
855,-5.506403609917685,0.025221017469062357
856,-6.595606502634544,0.029155546922340594
857,1.5502096065053286,0.02920909589705014
858,0.22149006819537664,0.03237141391129567
859,7.152017084913212,0.024801191878634065
860,3.061613111758179,0.03523720835719791
861,-2.203028757692168,0.029741109812857065
862,-1.2925345402847128,0.030642530639830506
863,-6.5097264897391565,0.02628702697087134
864,0.4133235920365429,0.03028811551742028
865,-2.50127018487205,0.03013708287159676
866,7.506226587383475,0.026317128948781052
867,-3.79063038821403,0.03180914427759902
868,-4.655280226086233,0.03316535416376212
869,-0.3003569330678193,0.03447284950352088
870,-4.587242796104153,0.03236152438978205
871,-4.1035609960059345,0.036304934900482505
872,-2.6852539052685938,0.02880834215294444
873,-1.0490227428735581,0.027901059736097845
874,3.723131472605564,0.030022271683551413
875,-1.93874391727149,0.028853571874647935
876,21.739636371119854,0.026340164317296237
877,-2.2191824977371244,0.028864586839219924
878,3.5964323896347694,0.02509069078019194
879,-4.583307775811969,0.02632091843700236
880,-1.3106180397066431,0.029169801962960325
881,2.339376175657838,0.026849007013056925
882,-3.8900796096702246,0.027170057698572687
883,0.10970750030977361,0.029980813800940448
884,-2.0091648025360636,0.0316341603184231
885,4.952411521711006,0.031286592257885375
886,-10.407521703753899,0.027644797783999496
887,3.9355939705457805,0.035726274385152385
888,-3.638769991684721,0.02924874180338445
889,-5.646688121402648,0.030395268976376254
890,9.194875206562916,0.027695613309109187
891,-3.7826980962079064,0.028713843666670482
892,5.849185799375218,0.03062146163947192
893,-3.944314686796673,0.02660017570097328
894,3.781050889939306,0.030452576610534233
895,-10.085749824898707,0.0299497492318132
896,-4.807508729923469,0.029874310893664973
897,-5.9238292688580865,0.026885746149900976
898,5.379742572156223,0.0322672588711267
899,6.676260503209313,0.031067342352808006
900,-9.343821965786702,0.032891589362173845
901,2.1983484177512396,0.0287884917779957
902,-0.6596431070506688,0.03162314846932313
903,-5.205289380580373,0.02853424187350145
904,1.4512382628352642,0.02696026718126707
905,-6.630423805765276,0.03038210910261641
906,-4.967824449849694,0.02685665416468622
907,-1.1109130785244186,0.027949716326936304
908,-3.4482787901731147,0.024312413067531423
909,-3.275678538100528,0.028998063885287893
910,-3.6482069508445463,0.029403976179231683
911,2.9283384374009147,0.03098671578223499
912,-4.116575786956666,0.03022500291718722
913,-3.9463588995598844,0.027231542179405554
914,8.471384914062114,0.029193405733532112
915,0.5461770548946072,0.02964225408303748
916,0.438301949923971,0.03374284443773925
917,-2.7372379177153237,0.02819830176084964
918,-1.308043634109013,0.025910610727280254
919,-5.519499783884438,0.027984137694796234
920,-6.427729502995308,0.03593946560168824
921,-8.271399558876196,0.0358820577574144
922,5.675286198843098,0.033137977670608304
923,-7.595428257422438,0.02619684787313122
924,-4.144969086218332,0.03296832308019868
925,2.6379696845917313,0.02907977000117063
926,-2.713425176334333,0.0309903996204552
927,7.731186437518618,0.02830479755124817
928,-6.118909880289679,0.038850797163436944
929,-2.3906375297435254,0.028774947562506124
930,-1.1397165561467613,0.028474951729727336
931,0.6046611306371676,0.027200570939328324
932,-1.799946825661378,0.0313768810579859
933,-4.440377477848516,0.030364656353941318
934,2.3556963407377687,0.030654425931176257
935,5.1749263990386725,0.02884063054625192
936,0.33959186863660085,0.0316252281949526
937,-3.9805593508293837,0.028560779990205593
938,-6.657546286335948,0.02491219785022627
939,-1.2117554581053323,0.027569592822865672
940,-8.135978981098269,0.03643237841050219
941,35.31372779650436,0.030981157089526427
942,-7.086196671858509,0.03046615440412786
943,-3.016548824187159,0.026982055342358553
944,-9.98908754839837,0.03047359219924771
945,-5.483709793467741,0.029653924759828903
946,-1.22079188614167,0.033339472204830904
947,1.7578273699088092,0.030987890417398564
948,-1.8828336820222926,0.030191009805532704
949,0.9453560608050443,0.03183404654536554
950,3.063704234859708,0.03043568482504951
951,1.047814702439449,0.028087423888799503
952,-2.4773494178110247,0.029347555309709485
953,-2.2837162959193824,0.028671645604649784
954,-0.77633916309077,0.0287908167311725
955,4.288936480825016,0.02906966875580979
956,-8.552087611887726,0.03389518680530694
957,-2.773415902103255,0.030044626780418148
958,-1.948242124284419,0.03035847941054417
959,7.534508469253803,0.030353014293035233
960,1.3114705764561845,0.026889139314346746
961,3.5852836566477144,0.03387933458653208
962,6.2290707928917275,0.028510557765177247
963,-0.4328731644473647,0.03440439243679186
964,5.3382524848708,0.03252952288968994
965,1.9559674065109849,0.030669890341700503
966,6.567707086173639,0.03120064629326631
967,6.284576415280565,0.024875103776596297
968,-3.772142341783108,0.025219533358693945
969,-3.0915882208606855,0.027203236083664505
970,-1.1726540039642974,0.0319750823679208
971,5.997372480935093,0.032666250719852234
972,2.2951523092478197,0.02852170257970016
973,19.526333798257845,0.029665746930346466
974,0.8860963923003882,0.03485538847443139
975,4.477842216479119,0.03492514327102846
976,9.651162507319032,0.028562613128986877
977,-12.419025838600538,0.027592733076020018
978,-4.785423938580074,0.027992289316291257
979,-4.709679042081419,0.0307517837402823
980,-6.620011312317794,0.028226877503435617
981,-4.066009270110552,0.029745855688275927
982,-7.834756107377579,0.030002706518056557
983,5.600484434568899,0.02852016411293409
984,-3.716819393727457,0.033819180655094726
985,1.9694142556015075,0.02718405897737988
986,4.007809901333042,0.02954513681706897
987,-0.5779306822742146,0.02528899299876245
988,-4.454673907701883,0.03139375851410184
989,-6.920022428876637,0.03012879456764911
990,1.7793338702845494,0.02879915104301961
991,-0.901782258353676,0.028613275497392555
992,-2.3860216888324906,0.027815680771653882
993,-1.491109938545136,0.02834735165229055
994,-3.970549964590873,0.03341631692814475
995,-1.3851432959352308,0.028779382589354523
996,5.249122055519098,0.02910949548570817
997,-3.7722235820475545,0.02891012922975582
998,-7.800237514236425,0.03338858683712529
999,-1.2605886339490366,0.03282310105934705
1000,6.547394437143497,0.028600210955753748
